brand,type,sulfate,dmdmhydantoin,ml,pack,cost,discmult,mlCost,urla,urlb
aaron wallace,hydrating hair & beard,n,n,250,1,8.6,1,0.0344,https://www.sainsburys.co.uk/gol-ui/product/shampoo-44/aaron-wallace-hydrating-hair-beard-shampoo-250ml-8088888-p-44,
alberto balsam,blueberry,y,y,,,,1,,,
alberto balsam,coconut & lychee,y,n,,,,1,,,
alberto balsam,energise,y,?,,,,1,,,
alberto balsam,exotic mango,y,n,,,,1,,,
alberto balsam,juicy green apple,y,n,,,,1,,,
alberto balsam,raspberry,y,n,,,,1,,,
alberto balsam,sunkissed raspberry,y,n,,,,1,,,
alberto balsam,tea tree tingle,y,n,,,,1,,,
alberto balsam,coconut & lychee,y,n,,,,1,,,
alberto balsam,sunkissed raspberry,y,n,,,,1,,,
alberto balsam,sweet strawberry,y,?,,,,1,,,
alberto balsam,tea tree,y,n,,,,1,,,
alpecin,coffein,y,n,,,,1,,,
alpecin,c1,y,n,,,,1,,,
alpecin,c1 black edition,y,n,,,,1,,,
alpecin,dandruff killer,y,y,,,,1,,,
alpecin,double effect,y,?,,,,1,,,
alpecin,hybrid caffeine,y,n,,,,1,,,
alpecin,hybrid coffein,y,n,,,,1,,,
alphosyl,2 in 1 medicated,y,n,,,,1,,,
alterna,caviar moisture,n,n,250,1,25,1,0.1,https://www.amazon.co.uk/dp/B001FYV0HM,
argan,oil,y,n,,,,1,,,
asda,really wild,y,?,,,,1,,https://groceries.asda.com/product/1000065456434,
asda,totally coconuts,y,?,,,,1,,https://groceries.asda.com/product/1000142866300,
astonish,apple fresh,y,?,,,,1,,,
astonish,coconut bliss,y,?,,,,1,,https://groceries.asda.com/product/1000383216667,
astonish,tropical oasis,y,?,,,,1,,https://groceries.asda.com/product/1000383216697,
aussie,aussome volume,y,?,,,,1,,,
aussie,blonde hydration,y,?,,,,1,,,
aussie,calm the frizz,y,?,,,,1,,,
aussie,colour mate,y,?,,,,1,,,
aussie,deeep moisture,y,?,,,,1,,,
aussie,hydrate miracle,y,n,,,,1,,,
aussie,mega,y,?,,,,1,,,
aussie,mega instant,y,?,,,,1,,,
aussie,miracle moist,y,?,,,,1,,,
aussie,reusable,y,?,,,,1,,,
aussie,shine miracle,y,?,,,,1,,,
aussie sos,blonde hydration,y,?,,,,1,,,
aussie sos,deep repair,y,n,,,,1,,,
aussie sos,kiss of life,y,?,,,,1,,,
aussie sos,save my lengths,y,?,,,,1,,,
Australian Bodycare,tea tree oil,y,n,,,,1,,,
aveda,damage remedy,n,n,250,1,25.5,1,0.102,https://www.amazon.co.uk/dp/B003JKF8PK,
aveeno,blackberry & quinoa,n,n,354,1,9,1,0.025423728813559324,https://www.tesco.com/groceries/en-GB/products/309466281,
aveeno,chamomile,y,n,,,,1,,,
aveeno,daily moisture oat milk,n,n,354,4,22.762,1,0.016074858757062147,https://www.amazon.co.uk/dp/B08W6C4YSG,
aveeno,daily moisture oat milk,n,n,354,1,8.55,1,0.024152542372881357,https://www.tesco.com/groceries/en-GB/products/313518629,
aveeno,fresh greens blend,n,n,354,1,9,1,0.025423728813559324,https://www.sainsburys.co.uk/gol-ui/product/shampoo-44/aveeno-volumising-fresh-greens-blend-shampoo-354ml,
aveeno,rosewater & chamomile,n,n,354,1,9,1,0.025423728813559324,https://www.sainsburys.co.uk/gol-ui/product/shampoo-44/aveeno-gentle-moisture-rose-water-chamomile-blend-shampoo-354ml,
axe,apollo,?,y,,,,1,,,
axe,armor,?,y,,,,1,,,
axe,dual,?,y,,,,1,,,
axe,gold,?,y,,,,1,,,
axe,phoenix,?,y,,,,1,,,
ayluna,ginger & licorice root,y,?,,,,1,,,
bedhead,colour goddess,y,?,,,,1,,,
bedhead,recovery,y,y,,,,1,,,
bedhead,re-energise,y,y,,,,1,,,
bedhead,resurrection,y,y,,,,1,,,
bedhead,serial blonde,y,?,,,,1,,,
bed head for men,clean up daily,y,n,,,,1,,,
beauty kitchen,fragrance free,n,n,300,1,10,1,0.03333333333333333,https://www.sainsburys.co.uk/gol-ui/product/shampoo-44/beauty-kitchen-the-sustainables-everyday-gentle-organic-shampoo-300ml,
biolage,colorlast,y,?,,,,1,,,
bulldog,anti dandruff,n,n,300,1,3.5,1,0.011666666666666667,https://www.sainsburys.co.uk/gol-ui/product/shampoo-44/bulldog-skincare-anti-dandruff-hair-scalp-shampoo-300ml,
bulldog,original,n,n,300,1,3.5,1,0.011666666666666667,https://www.sainsburys.co.uk/gol-ui/product/shampoo-44/bulldog-skincare-original-shampoo-300ml,
cantu,avocado,n,n,400,1,7,1,0.0175,https://www.tesco.com/groceries/en-GB/products/309464778,
cantu,avocado,n,n,400,1,6.4,1,0.016,https://groceries.asda.com/product/1000273982491,
cantu,care for kids,n,n,237,1,4,1,0.016877637130801686,https://groceries.asda.com/product/1000198047517,
cantu,care for kids,n,n,237,1,5,1,0.02109704641350211,https://www.tesco.com/groceries/en-GB/products/305960963,
cantu,grapeseed oil,n,n,400,1,7.99,1,0.019975,https://www.savers.co.uk/p/807696,
cantu,shea butter,n,n,400,1,6,1,0.015,https://groceries.asda.com/product/1000101790298,
cantu,shea butter,n,n,400,1,5.6,0.95,0.0133,https://www.amazon.co.uk/dp/B00NQA1B0E,
cantu,shea butter,n,n,709,1,9.99,1,0.014090267983074754,https://www.savers.co.uk/p/789400,
charles worthington,everyday gentle,n,n,250,1,6,1,0.024,https://www.sainsburys.co.uk/gol-ui/product/shampoo-44/charles-worthington-london-everyday-gentle-micellar-shampoo-250ml,
charles worthington,grow strong,y,?,,,,1,,,
charles worthington,moisture seal,y,?,,,,1,,,
charles worthington,shine plex,y,?,,,,1,,,
charles worthington,thicker & fuller,y,?,,,,1,,,
charles worthington colour plex,enhancing blonde,n,n,250,1,8,1,0.032,https://www.sainsburys.co.uk/gol-ui/product/shampoo-44/charles-worthington-london-colour-plex-enhancing-blonde-shampoo-250ml,
charles worthington colour plex,enhancing brunette,n,n,250,1,8,1,0.032,https://www.sainsburys.co.uk/gol-ui/product/shampoo-44/charles-worthington-colour-plex-enhancing-brunette-shampoo-250ml,
charles worthington colour plex,toning violet,n,n,250,1,7,1,0.028,https://www.sainsburys.co.uk/gol-ui/product/shampoo-44/charles-worthington-london-colour-plex-toning-violet-shampoo-250ml,
charles worthington colour plex,toning ultra violet,n,n,250,1,8,1,0.032,https://www.sainsburys.co.uk/gol-ui/product/shampoo-44/charles-worthington-colour-plex-ni-ng-ultra-violet-shampoo-250ml,
childs farm,3 in 1,y,n,,,,1,,,
childs farm,organic fig,y,?,,,,1,,,
clear,anti-dandruff lemon,y,y,,,,1,,,
crazy colour,pink,n,n,250,1,8.99,1,0.03596,https://www.amazon.co.uk/dp/B0CXJFD2BN,
creightons,argan silk,y,?,,,,1,,,
creightons,argan smooth moisture,y,?,,,,1,,,
creightons,pro keratin,y,?,,,,1,,,
creightons,sunshine blonde silver,y,?,,,,1,,,
davines,minu,n,n,250,1,17.2,1,0.0688,https://www.amazon.co.uk/dp/B00OKME7S0,
davines,nounou,n,n,250,1,16.9,1,0.0676,https://www.amazon.co.uk/dp/B00OKQ0F4Q,
dove,colour care,y,?,,,,1,,,
dove,daily,y,n,,,,1,,,
dove,daily care,y,y,,,,1,,,
dove,daily moisture,y,n,,,,1,,,
dove,daily moisture 2 in 1,y,n,,,,1,,,
dove,daily moisture light,y,n,,,,1,,,
dove,intensive repair,y,n,,,,1,,,
dove,nourishing oil light,y,n,,,,1,,,
dove,rituals coconut,y,y,,,,1,,,
dove,oxygen,y,n,,,,1,,,
dove,thickening,y,y,,,,1,,,
dr.organic,organic manuka,n,n,265,1,8,1,0.03018867924528302,https://www.amazon.co.uk/dp/B00HPFU5CQ,
dr wolff,plantur 39,y,n,,,,1,,,
e45,dry scalp,y,n,,,,1,,,
eclat,argan oil,n,n,300,1,8.87,1,0.029566666666666665,https://www.amazon.co.uk/dp/B07P42TJTC,
enliven,coconut & vanilla,y,n,,,,1,,,
every man jack,2 in 1 thickening,y,n,,,,1,,,
faith in nature,aloe vera,y,?,,,,1,,https://www.amazon.co.uk/dp/B002MXH0T2,
faith in nature,blueberry,y,n,,,,1,,,
faith in nature,grapefruit & orange,y,n,,,,1,,https://www.amazon.co.uk/dp/B00B5G6FRK,
faith in nature,lavendar & geranium,y,?,,,,1,,https://www.amazon.co.uk/dp/B0DDKVDVFK,
fanola,no orange,y,?,,,,1,,,
fanola,no yellow,y,n,,,,1,,,
fred & flo,soft & gentle,y,n,,,,1,,,
fudge,clean blonde,y,n,,,,1,,,
fudge professional,clean blonde damage,n,n,250,1,8,1,0.032,https://www.tesco.com/groceries/en-GB/products/320674444,
fudge professional,damage rewind,n,n,250,1,12.46,1,0.04984,https://www.amazon.co.uk/dp/B07GX3ZBCX,
fudge professional,luminizer,n,n,1000,1,21.9,1,0.0219,https://www.amazon.co.uk/dp/B07GXVXKGD,
fudge professional,xpander,n,n,250,1,13.49,1,0.05396,https://www.amazon.co.uk/dp/B07GXV4HGW,
garnier ultimate blends,almond crush,y,?,,,,1,,,
garnier ultimate blends,argan,y,n,,,,1,,,
garnier ultimate blends,argan oil & cranberry,y,n,,,,1,,,
garnier ultimate blends,argan richness,y,n,,,,1,,,
garnier ultimate blends,cherry,y,n,,,,1,,,
garnier ultimate blends,coconut milk,y,n,,,,1,,,
garnier ultimate blends,coconut oil,y,n,,,,1,,,
garnier ultimate blends,coconut water,y,?,,,,1,,,
garnier ultimate blends,delicate oat,y,n,,,,1,,,
garnier ultimate blends,hair food aloe vera,y,?,,,,1,,,
garnier ultimate blends,hair food banana,y,?,,,,1,,,
garnier ultimate blends,hair food coconut,y,?,,,,1,,,
garnier ultimate blends,hair food papaya,y,?,,,,1,,,
garnier ultimate blends,hair food watermelon,y,?,,,,1,,,
garnier ultimate blends,honey,y,n,,,,1,,,
garnier ultimate blends,marvellous oils,y,?,,,,1,,,
gk hair,juvexin ph+,n,n,100,1,10.8,1,0.10800000000000001,https://www.amazon.co.uk/dp/B01FL02HNQ,
good gracious,colour care,y,?,,,,1,,,
good gracious,intense repair,y,?,,,,1,,,
good gracious,smooth & hydrate,y,?,,,,1,,,
green people,intensive repair,y,n,,,,1,,,
green people,quinoa & artichoke,y,n,,,,1,,,
hask,biotin boost,n,n,355,1,7,1,0.01971830985915493,https://www.tesco.com/groceries/en-GB/products/305252200,
hask,argan oil from morocco,n,n,355,1,7,1,0.01971830985915493,https://www.tesco.com/groceries/en-GB/products/302208437,
hask,monoi coconut oil,n,n,355,1,7,1,0.01971830985915493,https://www.sainsburys.co.uk/gol-ui/product/shampoo-44/hask-monoi-coconut-oil-nourishing-shampoo-355ml,
happy naturals,curl defining,n,n,300,1,6,1,0.02,https://www.sainsburys.co.uk/gol-ui/product/shampoo-44/happy-naturals-curl-defining-shampoo-300ml,
happy naturals,everyday hydration,n,n,300,1,6,1,0.02,https://www.sainsburys.co.uk/gol-ui/product/shampoo-44/happy-naturals-everyday-hydration-shampoo-300ml,
happy naturals,strengthen & repair,n,n,300,1,6,1,0.02,https://www.sainsburys.co.uk/gol-ui/product/shampoo-44/happy-naturals-strengthen-repair-shampoo-300ml,
head & shoulders,7 in 1,y,n,,,,1,,,
head & shoulders,apple,y,?,,,,1,,,
head & shoulders,apple 2 in 1,y,?,,,,1,,,
head & shoulders,citrus fresh,y,n,,,,1,,,
head & shoulders,citrus fresh 2 in 1,y,n,,,,1,,,
head & shoulders,classic clean,y,n,,,,1,,https://groceries.asda.com/product/1000383145992,
head & shoulders,daily protect,y,?,,,,1,,,
head & shoulders,deep hydration,y,?,,,,1,,,
head & shoulders,itchy scalp,y,?,,,,1,,,
head & shoulders,menthol fresh,y,?,,,,1,,,
head & shoulders,smooth & silky,y,?,,,,1,,,
head & shoulders deep cleanse,oil control,y,?,,,,1,,,
head & shoulders deep cleanse,itch relief,y,?,,,,1,,,
head & shoulders deep cleanse,scalp detox,y,?,,,,1,,,
head & shoulders dermaxpro,boosting strength,y,?,,,,1,,,
head & shoulders dermaxpro,hydrate,y,?,,,,1,,,
head & shoulders dermaxpro,quenching hydration,y,?,,,,1,,,
head & shoulders dermaxpro,soothe,y,?,,,,1,,,
head & shoulders men,2 in 1,y,?,,,,1,,,
head & shoulders men,hair booster,y,?,,,,1,,,
head & shoulders supreme,anti frizz,y,?,,,,1,,,
head & shoulders supreme,colour protect,y,?,,,,1,,,
head & shoulders supreme,moisture,y,?,,,,1,,,
head & shoulders supreme,repair,y,?,,,,1,,,
herbal essences,beautiful ends,y,n,,,,1,,,
herbal essences,clearly naked shine,y,?,,,,1,,,
herbal essences,dazzling shine,y,n,,,,1,,https://groceries.asda.com/product/1000000466031,
herbal essences,deep repair manuka,y,?,,,,1,,,
herbal essences,hello hydration,y,n,,,,1,,https://groceries.asda.com/product/1000000466024,
herbal essences,ignite my colour,y,n,,,,1,,https://groceries.asda.com/product/1000000466027,
herbal essences,love me longer,y,?,,,,1,,https://groceries.asda.com/product/1000383161961,
herbal essences,moisturise,n,n,350,1,2.68,1,0.007657142857142858,https://groceries.asda.com/product/1000383210147,
herbal essences,moroccan shine,y,n,,,,1,,,
herbal essences,uplifting volume,y,n,,,,1,,,
herbal essences,volume orange scent,n,n,350,1,6,1,0.017142857142857144,https://groceries.asda.com/product/1000383210144,
herbal essences bio:renew,coconut milk,y,n,,,,1,,,
herbal essences bio:renew,nourish passion flower,y,?,,,,1,,,
herbal essences bio:renew,purify & hydrate,y,?,,,,1,,,
herbal essences bio:renew,repair,y,?,,,,1,,,
herbal essences bio:renew,shine white grapefruit,y,?,,,,1,,,
herbal essences daily detox,clean,y,?,,,,1,,,
herbal essences daily detox,shine,y,?,,,,1,,,
herbal essences potent aloe,bamboo,n,n,380,1,6,1,0.015789473684210527,https://groceries.asda.com/product/1000194606898,
herbal essences potent aloe,hemp,n,n,380,1,6,1,0.015789473684210527,https://groceries.asda.com/product/1000194606901,
herbal essences potent aloe,hemp,n,n,380,1,6,1,0.015789473684210527,https://groceries.morrisons.com/products/herbal-essences-bio-renew-potent-aloe-hemp-shampoo-504408011,https://www.sainsburys.co.uk/gol-ui/product/shampoo-44/herbal-bio-ren-sulfat-fr-hemp-sham-380ml
herbal essences potent aloe,mango,n,n,380,1,6,1,0.015789473684210527,https://groceries.morrisons.com/products/herbal-essences-bio-renew-potent-aloe-mango-shampoo-503926011,
hermz,h+p,n,n,300,1,13.99,1,0.04663333333333333,https://www.amazon.co.uk/dp/B08PVW3LLR,
hermz,healpsorin,n,n,500,1,20.99,1,0.041979999999999996,https://www.amazon.co.uk/dp/B074DWRGLK,
holy curls,1,n,n,300,1,21.6,1,0.07200000000000001,https://www.amazon.co.uk/dp/B0BLT4T1VK,
inecto,coconut,y,?,,,,1,,,
infuse,my colour copper,n,n,250,1,13.95,1,0.055799999999999995,https://www.amazon.co.uk/dp/B06XR854VV,
john frieda,brilliant brunette,y,?,,,,1,,,
john frieda,colour protecting,y,n,,,,1,,,
john frieda,detox & repair,y,n,,,,1,,,
john frieda,go blonder,y,?,,,,1,,,
john frieda,highlight activating,y,n,,,,1,,,
john frieda,hydrate & recharge,y,?,,,,1,,,
john frieda,luxurious volume,y,n,,,,1,,,
john frieda,midnight brunette,y,n,,,,1,,,
john frieda,shimmering silver,y,?,,,,1,,,
john frieda,violet crush blonde,y,n,,,,1,,,
john frieda,volume lift,y,?,,,,1,,,
john frieda frizz ease,brazilian sleek,y,?,,,,1,,,
john frieda frizz ease,dream curls,n,n,250,1,7,1,0.028,https://www.sainsburys.co.uk/gol-ui/product/shampoo-44/john-frieda-frizz-ease-curl-around-shampoo-250ml,
john frieda frizz ease,flawlessly straight,y,?,,,,1,,,
john frieda frizz ease,miraculous recovery,y,?,,,,1,,,
john frieda frizz ease,weightless wonder,y,?,,,,1,,,
john masters organics,Rosemary & Peppermint,n,n,473,1,39.99,1,0.08454545454545455,https://www.amazon.co.uk/dp/B07TDHZBMH,
just for men,control gx,y,?,,,,1,,,
keia,moisturising argan oil,y,?,,,,1,,,
keia,repairing orchid extract,y,?,,,,1,,,
keia,softening coconut oil,y,?,,,,1,,,
kerastase paris,blond absolu bain,y,n,,,,1,,,
kerastase paris,densifique bain,y,n,,,,1,,,
kerastase paris,genesis,y,?,,,,1,,,
kerastase paris,reflection bain,y,n,,,,1,,,
kerastase paris,resistance,y,?,,,,1,,,
kerastase paris chroma absolu,bain chroma respect,n,n,250,1,20.38,1,0.08152,https://www.amazon.co.uk/dp/B09QGN33G1,
kerastase paris nutritive bain,satin 1,y,?,,,,1,,,
kerastase paris nutritive bain,satin 2,y,?,,,,1,,,
kerastase paris specifique bain,riche,y,?,,,,1,,,
kerastase paris specifique bain,vital,y,n,,,,1,,,
kms,addpower,y,?,,,,1,,,
kms,head remedy deep,y,n,,,,1,,,
kms,moist repair,y,?,,,,1,,,
knight & wilson,pureplex,n,n,200,1,5.29,1,0.02645,https://www.savers.co.uk/p/795379,
label.m,honey & oat,y,n,,,,1,,,
l'oreal kids,tropical mango,y,?,,,,1,,,
l'oreal kids,very berry,y,n,,,,1,,,
l'oreal men expert,barberclub,y,?,,,,1,,,
l'oreal paris,absolut repair,y,n,,,,1,,,
l'oreal paris,b6 + biotin inforcer,y,n,,,,1,,,
l'oreal paris,glycerol nutrifier,y,n,,,,1,,,
l'oreal paris,lavendar,n,n,400,1,7.99,1,0.019975,https://www.amazon.co.uk/dp/B079ZM7NT9,
l'oreal paris,vitamino color,y,n,,,,1,,,
l'oreal paris elvive,coconut,y,n,,,,1,,,
l'oreal paris elvive,colour protect,y,n,,,,1,,,
l'oreal paris elvive,colour protect purple,y,?,,,,1,,,
l'oreal paris elvive,dream lengths,y,n,,,,1,,,
l'oreal paris elvive,fibrology,y,n,,,,1,,,
l'oreal paris elvive,hydra hyaluronic,y,?,,,,1,,,
l'oreal paris elvive,nourishing,y,n,,,,1,,,
l'oreal paris elvive,nutri gloss,y,?,,,,1,,,
l'oreal paris elvive,nutri gloss shine,y,?,,,,1,,,
l'oreal paris elvive extraordinary,clay,y,?,,,,1,,,
l'oreal paris elvive extraordinary,oil,y,n,,,,1,,,
l'oreal paris elvive for men,anti dandruff,y,?,,,,1,,,
l'oreal paris elvive for men,triple,y,n,,,,1,,,
l'oreal paris elvive full,resist,y,?,,,,1,,,
l'oreal paris elvive full,restore,y,n,,,,1,,,
l'oreal professionnel,absolut repair,y,?,,,,1,,,
l'oreal professionnel,metal detox,n,n,300,1,13.66,1,0.045533333333333335,https://www.amazon.co.uk/dp/B07BCCRWVT,
l'oreal professionnel,metal detox,n,n,300,1,40,1,0.13333333333333333,https://www.amazon.co.uk/dp/B09B49QCW1,
l'oreal professionnel,silver,y,n,,,,1,,,
l'oreal professionnel,vitamino colour,y,?,,,,1,,,
l'oreal professionnel,volumetry,y,?,,,,1,,,
love beauty & planet,hope & repair,y,?,,,,1,,,
love beauty & planet,volume & bounty,y,?,,,,1,,,
living proof,no frizz,n,n,236,1,18.29,1,0.0775,https://www.amazon.co.uk/dp/B002IJKW54,
lonstin,moroccan argan oil,n,n,500,1,13.99,1,0.02798,https://www.amazon.co.uk/dp/B08M19BCQN,
mancave,caffeine,n,n,500,1,8.8,1,0.0176,https://www.amazon.co.uk/dp/B07VHKW614,
mancave,caffeine,n,n,200,1,4.3,1,0.0215,https://www.tesco.com/groceries/en-GB/products/299226765,
maria nila,true soft,n,n,350,1,17.99,1,0.051399999999999994,https://www.amazon.co.uk/dp/B01N8X4SU4,
mason & miller,revitalising,y,n,,,,1,,,
matrix,a curl can dream,y,?,,,,1,,,
maui moisture,curl quench & coconut,n,n,385,1,5.99,1,0.01555844155844156,https://www.amazon.co.uk/dp/B07CVCTM3D,
maui moisture,curl quench & coconut,n,n,385,1,8.5,1,0.02207792207792208,https://groceries.morrisons.com/products/maui-moisture-coconut-oil-shampoo-559093011,
maui moisture,curl quench & coconut,n,n,385,1,9,1,0.023376623376623377,https://www.sainsburys.co.uk/gol-ui/product/shampoo-44/maui-moisture-curl-quench-coconut-oil-shampoo-385ml,
maui moisture,color protection,n,n,,,,1,,https://uk.mauimoisture.com/shop/color-protect/shampoo-7/,
maui moisture,lightweight,n,n,,,,1,,https://uk.mauimoisture.com/shop/lightweight-hydration-hibiscus-water/shampoo-8/,
maui moisture,nourish & moisture,n,n,385,1,9,1,0.023376623376623377,https://www.tesco.com/groceries/en-GB/products/299250332,
maui moisture,nourish & moisture,n,n,385,1,9,1,0.023376623376623377,https://www.sainsburys.co.uk/gol-ui/product/shampoo-44/maui-moisture-nourish-moisture-coconut-milk-shampoo-385ml,
maui moisture,revive & hydrate,n,n,385,1,9,1,0.023376623376623377,https://www.sainsburys.co.uk/gol-ui/product/shampoo-44/maui-moisture-revive-hydrate-shea-butter-shampoo-385ml,
maui moisture,revive & hydrate,n,n,385,1,9,1,0.023376623376623377,https://www.tesco.com/groceries/en-GB/products/299250430,
maui moisture,shine & awipuhi,n,n,385,1,9,1,0.023376623376623377,https://www.tesco.com/groceries/en-GB/products/309452441,
maui moisture,smooth & revive,n,n,385,1,9,1,0.023376623376623377,https://www.tesco.com/groceries/en-GB/products/305252868,
maui moisture,strength & anti break,n,n,385,1,9,1,0.023376623376623377,https://www.tesco.com/groceries/en-GB/products/299250499,
maui moisture,thicken & restore,n,n,385,1,6,1,0.015584415584415584,https://www.amazon.co.uk/dp/B07CTRS32K,
maui moisture,thicken & restore,n,n,385,1,9,1,0.023376623376623377,https://www.sainsburys.co.uk/gol-ui/product/shampoo-44/maui-moisture-thicken-restore-bamboo-fibers-shampoo-385ml,
maxine laceby,absolute collagen,y,?,,,,1,,,
medipure,2 in 1,y,?,,,,1,,,
milk_shake,silver shine,y,n,,,,1,,,
mizani,moisture fusion,y,?,,,,1,,,
molton brown,thickening ginger,y,n,,,,1,,,
Monday,gentle,n,n,350,1,5,1,0.014285714285714285,https://www.tesco.com/groceries/en-GB/products/309752380,
Monday,moisture,n,n,350,1,3.75,1,0.010714285714285714,https://www.tesco.com/groceries/en-GB/products/309762955,
Monday,moisture,n,n,800,1,18.75,1,0.0234375,https://www.amazon.co.uk/dp/B0BCGC3L6S,
Monday,repair,n,n,350,1,4.94,1,0.014114285714285715,https://groceries.asda.com/product/1000383189515,
Monday,smooth,n,n,350,1,3.75,1,0.010714285714285714,https://www.tesco.com/groceries/en-GB/products/309777650,
Monday,volume,n,n,350,1,3.75,1,0.010714285714285714,https://www.tesco.com/groceries/en-GB/products/309484593,
Monday,volume,n,n,800,1,18.75,1,0.0234375,https://www.amazon.co.uk/dp/B0BCGCX8SF,
moroccanoil,hydration,n,n,70,1,6.45,1,0.09214285714285715,https://www.amazon.co.uk/dp/B01BVV94VW,
moroccanoil,moisture repair,n,n,250,1,17.85,1,0.0714,https://www.feelunique.com/p/Moroccanoil-Moisture-Repair-Shampoo-250ml,https://www.amazon.co.uk/dp/B002N5MKLW
morrisons,coconut & lychee,y,?,,,,1,,,
morrisons,orchard apple,y,?,,,,1,,,
morrisons,wild raspberry,y,?,,,,1,,,
my hair matters,colour protect,y,n,,,,1,,,
my hair matters,nourish & repair,y,n,,,,1,,,
my hair matters,smooth & shine,y,n,,,,1,,,
my hair matters,volume boost,y,n,,,,1,,,
nature box,moisture,y,?,,,,1,,,
nature box,repair,y,?,,,,1,,,
natural world,argan oil,y,?,,,,1,,,
neutrogena,T/gel,y,n,,,,1,,,
nizoral,anti-dandruff,y,n,,,,1,,,
noughty,to the rescue,n,n,250,1,9,1,0.036,https://www.tesco.com/groceries/en-GB/products/311806430,
noughty,to the rescue,n,n,250,1,7,1,0.028,https://www.sainsburys.co.uk/gol-ui/product/shampoo-44/noughty-to-the-rescue-moisture-boost-shampoo-250ml,
noughty,wave hello,n,n,250,1,7,1,0.028,https://www.sainsburys.co.uk/gol-ui/product/shampoo-44/noughty-wave-hello-curl-defining-shampoo-250ml,
noughty,wave hello,n,n,250,1,9,1,0.036,https://www.tesco.com/groceries/en-GB/products/311786976,
ogx,apple cider vinegar,n,n,385,1,4.5,0.95,0.011103896103896102,https://www.amazon.co.uk/dp/B081HJ1P5F,
ogx,argan oil,n,n,577,1,9.39,1,0.016273830155979205,https://www.amazon.co.uk/dp/B09DDM36MW,
ogx,argan oil,n,n,385,1,4.48,0.95,0.011054545454545456,https://www.amazon.co.uk/dp/B0097FVTW2,
ogx,argan oil,n,n,385,1,4,1,0.01038961038961039,https://www.tesco.com/groceries/en-GB/products/275969803,
ogx,argan oil,n,n,385,1,5,1,0.012987012987012988,https://www.sainsburys.co.uk/gol-ui/product/shampoo-44/ogx-renew-argan-oil-of-morocco-s-p-385ml-7735459-p-44,
ogx,argan oil,n,n,385,1,4.48,1,0.011636363636363637,https://groceries.asda.com/product/910001486560,
ogx,argan oil extra strength,n,n,385,1,4.5,1,0.011688311688311689,https://www.tesco.com/groceries/en-GB/products/295035657,
ogx,argan oil extra strength,n,n,385,1,5.06,1,0.013142857142857142,https://groceries.asda.com/product/910002917658,
ogx,argan oil lightweight,n,n,385,1,5.39,1,0.013999999999999999,https://www.amazon.co.uk/dp/B0BNWHW1M2,
ogx,biotin & collagen,n,n,577,1,7.48,1,0.012963604852686309,https://www.amazon.co.uk/dp/B09DDRD2PQ,
ogx,biotin & collagen,n,n,385,1,4.48,0.95,0.011054545454545456,https://www.amazon.co.uk/dp/B00MXZJ362,
ogx,biotin & collagen,n,n,385,1,4,1,0.01038961038961039,https://www.tesco.com/groceries/en-GB/products/287318836,
ogx,biotin & collagen,n,n,385,1,5,1,0.012987012987012988,https://www.sainsburys.co.uk/gol-ui/product/shampoo-44/ogx-thick---full--biotin---collagen-shampoo-385ml,
ogx,biotin & collagen,n,n,385,1,4.48,1,0.011636363636363637,https://groceries.asda.com/product/910001804015,
ogx,biotin & collagen,n,n,88.7,1,4.53,1,0.05107102593010147,https://www.onbuy.com/gb/ogx-thick-and-full-biotin-and-collagen-shampoo-887-ml~c5396~p7356284/,
ogx,charcoal detox,n,n,385,1,18.85,1,0.04896103896103896,https://www.amazon.co.uk/dp/B07L3FFYM7,
ogx,brazilian keratin,n,n,385,1,4.48,0.95,0.011054545454545456,https://www.amazon.co.uk/dp/B004ISW5YY,
ogx,coconut milk,n,n,385,1,4.48,1,0.011636363636363637,https://www.amazon.co.uk/dp/B000TGEJT8,
ogx,coconut miracle oil,n,n,385,1,5.66,1,0.014701298701298701,https://www.amazon.co.uk/dp/B07B65YFC9,
ogx,coconut miracle oil,n,n,385,1,6,1,0.015584415584415584,https://www.sainsburys.co.uk/gol-ui/product/shampoo-44/ogx-extra-strength-damage-remedy-coconut-miracle-oil-shampoo-385ml,
ogx,coconut miracle oil,n,n,385,1,7,1,0.01818181818181818,https://groceries.morrisons.com/products/ogx-damage-remedy-coconut-miracle-oil-shampoo-411038011,
ogx,coconut miracle oil,n,n,385,1,5.06,1,0.013142857142857142,https://groceries.asda.com/product/1000011616651,
ogx,fade defying & orchid,n,n,385,1,7,1,0.01818181818181818,https://groceries.morrisons.com/products/ogx-fade-defying-orchid-oil-shampoo-411036011,
ogx,fade defying & orchid,n,n,385,1,5,1,0.012987012987012988,https://www.sainsburys.co.uk/gol-ui/product/shampoo-44/ogx-fade-defying--orchid-oil-shampoo-385ml-7952176-p,
ogx,fade defying & orchid,n,n,385,1,7,1,0.01818181818181818,https://www.tesco.com/groceries/en-GB/products/297843728,
ogx,keratin oil,n,n,385,1,4,1,0.01038961038961039,https://www.tesco.com/groceries/en-GB/products/281317530,
ogx,keratin oil,n,n,385,1,5,1,0.012987012987012988,https://www.sainsburys.co.uk/gol-ui/product/shampoo-44/ogx-anti-breakage-keratin-oil-s-p-385ml-7735518-p-44,
ogx,keratin smoothing oil,n,n,385,1,4.5,1,0.011688311688311689,https://www.tesco.com/groceries/en-GB/products/311674803,
ogx,kukui oil,n,n,385,1,7,1,0.01818181818181818,https://www.tesco.com/groceries/en-GB/products/287319328,https://groceries.asda.com/product/910001803767
ogx,liquid pearl,n,n,385,1,8,1,0.02077922077922078,https://groceries.morrisons.com/products/ogx-liquid-pearl-shampoo-559031011,
ogx,purple toning,y,n,,,,1,,https://www.amazon.co.uk/dp/B092WC8RHC,
ogx,tea tree,n,n,385,1,5.66,1,0.014701298701298701,https://www.amazon.co.uk/dp/B07THWDMVR,
olaplex,4,n,n,250,1,21.96,1,0.08784,https://www.amazon.co.uk/dp/B07D37PQGL,
olaplex,4C,n,n,250,1,24.2,1,0.0968,https://www.amazon.co.uk/dp/B0B4BG3HPM,
olaplex,4P,n,n,250,1,21.56,1,0.08624,https://www.amazon.co.uk/dp/B09FYK7FKR,
olaplex,6,n,n,100,1,19.94,1,0.19940000000000002,https://www.onbuy.com/gb/olaplex-no-6-bond-smoother-100ml~c5396~p17577244/,
ors,creamy aloe,y,y,,,,1,,,
palmers,coconut,n,n,400,3,15.99,1,0.013325,https://www.amazon.co.uk/dp/B01IA9ATTY,
palmers,coconut,n,n,400,4,23.93,1,0.014956249999999999,https://www.amazon.co.uk/dp/B00C0ZZL16,
palmers,olive oil,n,n,400,1,4.5,1,0.01125,https://www.sainsburys.co.uk/gol-ui/product/shampoo-44/palmers-olive-oil-shine-therapy-shampoo-400ml,https://groceries.asda.com/product/1000383210348
palmolive,2 in 1 hydra balance,y,n,,,,1,,,
palmolive,anti dandruff,y,n,,,,1,,,
pantene pro-v,classic clean,y,n,,,,1,,,
pantene pro-v,classic clean 3 in 1,y,n,,,,1,,,
pantene pro-v,colour protect,y,?,,,,1,,,
pantene pro-v,repair & protect,y,n,,,,1,,,
pantene pro-v,smooth & sleek,y,n,,,,1,,https://groceries.asda.com/product/1000383173932,
pantene pro-v,smooth & sleek 3 in 1,y,?,,,,1,,,
pantene pro-v,superfood,y,n,,,,1,,,
pantene pro-v,volume & body,y,?,,,,1,,,
pantene pro-v hair biology,cleanse & reconstruct,y,?,,,,1,,,
pantene pro-v hair biology,de-frizz & illuminate,y,?,,,,1,,,
pantene pro-v hair biology,full & vibrant,y,?,,,,1,,,
pantene pro-v hair biology,revitalise & soothe,y,?,,,,1,,,
pantene pro-v hair biology,silver & glowing,y,?,,,,1,,,
pantene pro-v miracles,frizz no more,y,?,,,,1,,,
pantene pro-v miracles,grow strong bamboo,y,?,,,,1,,,
pantene pro-v miracles,hydra glow baobab,y,?,,,,1,,,
pantene pro-v miracles,lift & volume,y,?,,,,1,,,
pantene pro-v miracles,purple,y,?,,,,1,,,
pantene pro-v miracles,silky & glowing,y,?,,,,1,,,
philip kingsley,body building,y,n,,,,1,,,
philip kingsley,moisture balancing,y,n,,,,1,,,
phil smith,big it up,y,?,,,,1,,,
phil smith,bombshell,y,?,,,,1,,,
phil smith,bond & plex,y,?,,,,1,,,
phil smith,cocolicious,y,?,,,,1,,,
phil smith,cool silver,y,?,,,,1,,,
phil smith,curly locks,y,?,,,,1,,,
phil smith,total treat,y,?,,,,1,,,
phil smith,wow brunnette,y,?,,,,1,,,
plantur 39,colour brown,y,?,,,,1,,,
plantur 39,colour silver,y,?,,,,1,,,
pro:voke,highlight boost,y,?,,,,1,,,
pro:voke,touch of silver,y,n,,,,1,,,
pureology,hydrate,n,n,266,1,13.91,1,0.052293233082706767,https://www.amazon.co.uk/dp/B0891843GC,
pureology,hydrate,n,n,1000,1,33.26,1,0.03326,https://www.amazon.co.uk/dp/B088ZZYMK2,
pureology,strength cure,n,n,266,1,12.82,1,0.048195488721804514,https://www.amazon.co.uk/dp/B0891843GD,
pureology,strength cure,n,n,266,1,19.95,1,0.075,https://www.lookfantastic.com/12594153.html,
radox,start fresh,y,n,,,,1,,,
redken,acidic bonding,n,n,300,1,17.99,1,0.05996666666666666,https://www.amazon.co.uk/dp/B08P66Q9TK,
redken,all soft,y,n,,,,1,,,
redken,all soft mega curls,n,n,300,1,16.75,1,0.05583333333333333,https://www.amazon.co.uk/dp/B0BSQX8MNV,
redken,colour blondage,y,n,,,,1,,,
redken,color extend magnetics,n,n,300,1,12.8,1,0.04266666666666667,https://www.amazon.co.uk/dp/B00EZ3QRVY,
redken,color extend magnetics,n,n,300,1,14.41,1,0.04803333333333333,https://www.amazon.co.uk/dp/B08Y1F7G31,
redken,color extend magnetics,n,n,1000,1,33.95,1,0.03395,https://www.amazon.co.uk/dp/B009QZCA76,
redken,high rise volume,y,n,,,,1,,,
redken,frizz dismiss,n,n,300,1,13.91,1,0.04636666666666667,https://www.amazon.co.uk/dp/B08Y17DNBK,
redken,scalp relief,y,?,,,,1,,,
redken,volume injection,y,?,,,,1,,,
redken extreme,bleach recovery,y,?,,,,1,,,
redken extreme,length,y,n,,,,1,,,
revolution,caffeine,n,n,250,1,5.99,1,0.023960000000000002,https://www.amazon.co.uk/dp/B09RMS529V,
rhyme & reason,nourish & gloss,n,n,385,1,6,1,0.015584415584415584,https://www.sainsburys.co.uk/gol-ui/product/shampoo-44/rhyme-reason-nourish-gloss-shampoo-385ml,
rhyme & reason,quench & curl,n,n,385,1,9,1,0.023376623376623377,https://www.tesco.com/groceries/en-GB/products/309748178,
rhyme & reason,repair & restore,n,n,385,1,9,1,0.023376623376623377,https://www.tesco.com/groceries/en-GB/products/309454174,
rhyme & reason,repair & restore,n,n,385,1,6,1,0.015584415584415584,https://www.sainsburys.co.uk/gol-ui/product/shampoo-44/rhyme-reason-repair-restore-shampoo-385ml,
rhyme & reason,volume & boost,n,n,385,1,6,1,0.015584415584415584,https://www.sainsburys.co.uk/gol-ui/product/shampoo-44/rhyme-reason-volume-boost-shampoo-385ml,
sainsburys,2 in 1,y,n,,,,1,,,
sainsburys,anti dandruff 2 in 1,y,?,,,,1,,,
sainsburys,anti dandruff,y,?,,,,1,,,
sainsburys,apple,y,n,,,,1,,,
sainsburys,coconut,y,n,,,,1,,,
sainsburys,kids cherry 2 in 1,y,n,,,,1,,,
sainsburys,kids strawberry,y,n,,,,1,,,
sainsburys,kids tropical 2 in 1,y,n,,,,1,,,
sainsburys,little ones baby,y,n,,,,1,,,
sainsburys,sensitive baby,y,n,,,,1,,,
sainsburys,tea tree 2 in 1,y,n,,,,1,,,
sanex,anti dandruff,y,?,,,,1,,,
Schwarzkopf,live silver,y,?,,,,1,,,
Schwarzkopf,bonacure hyaluronic,?,?,,,,1,,,
Schwarzkopf,bonacure ph 4.5,y,n,,,,1,,,
Schwarzkopf,bonacure q10+,y,?,,,,1,,,
Schwarzkopf gliss,liquid silk,y,n,,,,1,,,
Schwarzkopf gliss,volume & repair,y,n,,,,1,,,
shea moisture,smooth & tame,n,n,384,1,10.99,1,0.02861979166666667,https://www.amazon.co.uk/dp/B07XWVWZZQ,
simple,gentle cleansing,y,n,,,,1,,,
smith england,boost lasting volume,n,n,250,1,5,1,0.02,https://www.sainsburys.co.uk/gol-ui/product/shampoo-44/smith-england-boost-lasting-volume-shampoo-250ml-7952350-p,
smith england,gloss shine expert,n,n,250,1,5,1,0.02,https://www.sainsburys.co.uk/gol-ui/product/shampoo-44/smith-england-gloss-shine-expert-shampoo-250ml-7952268-p,
smith england,guardian colour shield,n,n,250,1,5,1,0.02,https://www.sainsburys.co.uk/gol-ui/product/shampoo-44/smith-england-guardian-colour-shield-shampoo-250ml-7952288-p,
smith england,moisture remedy,n,n,250,1,5,1,0.02,https://www.sainsburys.co.uk/gol-ui/product/shampoo-44/smith-england-nourish-moisture-remedy-shampoo-250ml-7952118-p,
studio selection,moisture,?,y,,,,1,,,
suave,2-in-1 alpine,?,y,,,,1,,,
suave,2-in-1 classic,?,y,,,,1,,,
suave,2-in-1 plus,?,y,,,,1,,,
suave,almond,?,y,,,,1,,,
suave,apple,?,y,,,,1,,,
suave,avocado,?,y,,,,1,,,
suave,coconut oil,?,y,,,,1,,,
suave,colour,?,y,,,,1,,,
suave,daily,?,y,,,,1,,,
suave,damage,?,y,,,,1,,,
suave,keratin,?,y,,,,1,,,
suave,ocean,?,y,,,,1,,,
suave,rosemary,?,y,,,,1,,,
suave,tropical,?,y,,,,1,,,
sunbum,revitalizing,?,y,,,,1,,,
sunbum,spray,?,y,,,,1,,,
tesco,essentials,y,n,,,,1,,,
tesco,extracts apple,y,n,,,,1,,,
tesco,extracts blueberry,y,n,,,,1,,,
tesco,extracts coconut,y,n,,,,1,,,
tesco,extracts raspberry,y,n,,,,1,,,
tesco,extracts tropical,y,n,,,,1,,,
tesco,kids apple & melon,y,n,,,,1,,,
tesco,kids strawberry 2 in 1,y,n,,,,1,,,
tesco anti-dandruff,2 in 1 thickening,y,n,,,,1,,,
tesco anti-dandruff,2 in 1,y,n,,,,1,,,
tesco anti-dandruff,apple,y,n,,,,1,,,
tesco anti-dandruff,citrus,y,n,,,,1,,,
tesco anti-dandruff,classic,y,n,,,,1,,,
tesco anti-dandruff,sensitive,y,n,,,,1,,,
the hair boss,the balayage,y,?,,,,1,,,
the hair boss,the overworked,y,?,,,,1,,,
the hair boss,the virgin,y,?,,,,1,,,
timotei,hydrating,y,?,,,,1,,https://groceries.asda.com/product/1000383189612,
timotei,pure,y,?,,,,1,,https://groceries.asda.com/product/1000383189614,
toni & guy,men deep clean,y,n,,,,1,,,
tresemme,biotin,y,y,,,,1,,,
tresemme,botanique,y,n,,,,1,,,
tresemme,breakage,?,y,,,,1,,,
tresemme,cleanse,y,n,,,,1,,,
tresemme,cleanse 2 in 1,y,y,,,,1,,,
tresemme,curl,?,y,,,,1,,,
tresemme,collagen,y,n,,,,1,,,
tresemme,colour,y,y,,,,1,,,
tresemme,colour revitalise,y,n,,,,1,,,
tresemme,keratin 7 day,y,y,,,,1,,,
tresemme,keratin marula,y,n,,,,1,,,
tresemme,lamellar shine,y,?,,,,1,,,
tresemme,moisture rich,y,y,,,,1,,,
tresemme,moisture rich,y,y,,,,1,,,
tresemme,moisture rich,y,n,,,,1,,,
tresemme,protect,?,y,,,,1,,,
tresemme,repair,?,y,,,,1,,,
tresemme,smooth & silky,y,n,,,,1,,,
tresemme,smooth & silky,y,n,,,,1,,,
tresemme,touchable,?,y,,,,1,,,
tresemme,violet blonde shine,y,n,,,,1,,,
tresemme,volume,y,y,,,,1,,,
tresemme pro pure,airlight,n,n,380,1,4.5,1,0.011842105263157895,https://www.sainsburys.co.uk/gol-ui/product/shampoo-44/tresemme-propure-airlight-volume-shampoo-380ml,https://www.tesco.com/groceries/en-GB/products/309166048
tresemme pro pure,damage recovery,n,n,380,1,4.5,1,0.011842105263157895,https://www.sainsburys.co.uk/gol-ui/product/shampoo-44/tresemme-propure-damage-recovery-shampoo-380ml,https://groceries.morrisons.com/products/tresemme-pro-pure-damage-recovery-shampoo-576467011
tresemme pro pure,radiant colour,n,n,380,1,4.5,1,0.011842105263157895,https://www.sainsburys.co.uk/gol-ui/product/shampoo-44/tresemme-radiant-colour-shampoo-380-ml,https://www.tesco.com/groceries/en-GB/products/309182466
v05,nourish,y,y,,,,1,,,
v05,silky,?,y,,,,1,,,
vatika multivitamin,blackseed,y,?,,,,1,,,
vatika multivitamin,egg protein,y,?,,,,1,,,
vatika multivitamin,moroccan argan,y,?,,,,1,,,
vatika multivitamin,refreshing lemon,y,?,,,,1,,,
virtue,refresh,n,n,7,1,2.24,1,0.32,https://www.ebay.co.uk/itm/233579905124,
virtue,refresh,n,n,120,1,26,1,0.21666666666666667,https://www.spacenk.com/uk/haircare/shampoo/shampoos/refresh-purifying-shampoo-MUK200023398.html,
vita coco,nourish,y,?,,,,1,,,
vita coco,scalp,y,?,,,,1,,,
viviscal,densifying,y,n,250,1,8.49,1,0.033960000000000004,https://www.amazon.co.uk/dp/B01CCK1B1C,
vosene,anti dandruff,y,y,,,,1,,https://groceries.asda.com/product/1000383167332,
vosene,medicated all hair,y,y,,,,1,,,
wash & go,2 in 1,y,n,,,,1,,https://groceries.asda.com/product/910002655756,
wash & go,2 in 1 sport,y,n,,,,1,,,
watermans,grow me,n,n,250,1,13.95,1,0.055799999999999995,https://www.amazon.co.uk/dp/B00Q59B4UK,
wella,fusion,n,n,250,1,12.8,1,0.0512,https://www.lookfantastic.com/11443403.html,
wella,fusion,n,n,250,1,13.67,1,0.05468,https://www.amazon.co.uk/dp/B09PW3RN74,
wella,fusion,n,n,1000,1,45.95,1,0.045950000000000005,https://www.amazon.co.uk/dp/B072JCN7J3,
wella,invigo,y,?,,,,1,,,
xhc,argan,y,?,,,,1,,https://groceries.asda.com/product/1000383118539,
xhc,hemp,n,y,,,,1,,,
xhc,silver,y,?,,,,1,,,
xhc,strawberry,n,y,,,,1,,,
xhc,vitamin c,y,?,,,,1,,,
xtracare,3-in-1,?,y,,,,1,,,
ogx,biotin & collagen,n,n,577,1,10.99,0.95,0.018094454072790294,https://www.amazon.co.uk/dp/B09DFK6QCX,
aveeno,Apple Cider Vinegar new,n,n,300,1,5.35,0.95,0.016941666666666664,https://www.amazon.co.uk/dp/B0BQTMHNW9,
aveeno,daily moisture oat milk,n,n,300,1,5.08,0.95,0.016086666666666666,https://www.amazon.co.uk/dp/B0BQTDD9RF,
aveeno,Almond Oil,n,n,300,1,5.35,0.95,0.016941666666666664,https://www.amazon.co.uk/dp/B0BQTP4SGS,
aveeno,daily moisture oat milk,n,n,300,2,10.16,1,0.016933333333333335,https://www.amazon.co.uk/dp/B0DJMRD9JY,
aveeno,Soothing Oat,y,n,300,1,,1,,https://www.amazon.co.uk/dp/B017TFCRHC,
aveeno,rosewater & chamomile,n,n,300,1,6,0.95,0.018999999999999996,https://www.amazon.co.uk/dp/B0BQTLL5XJ,
aveeno,fresh greens blend,n,n,354,1,7.97,0.95,0.021388418079096045,https://www.amazon.co.uk/dp/B08W69RQWG,
aveeno,fresh greens blend,n,n,354,2,21.54,1,0.03042372881355932,https://www.amazon.co.uk/dp/B0CQG8K4HH,
aveeno,Apple Cider Vinegar old,n,n,354,1,14.99,0.95,0.0402274011299435,https://www.amazon.co.uk/dp/B08W6BXJYV,
ogx,apple cider vinegar,n,n,385,2,9,1,0.011688311688311689,https://www.amazon.co.uk/dp/B0CZF487DG,
ogx,kukui oil,n,n,385,1,4.99,0.95,0.012312987012987013,https://www.amazon.co.uk/dp/B01A8JFXHW,
ogx,rosemary mint,n,n,385,1,5.66,0.95,0.013966233766233765,https://www.amazon.co.uk/dp/B0DLWMRY1D,
faith in nature,avocado,y,?,,,,1,,https://www.amazon.co.uk/dp/B07WFC7YYR,
faith in nature,blue cedar,y,n,,,,1,,https://www.amazon.co.uk/dp/B00PV3G04Q,
faith in nature,coconut,y,n,,,,1,,https://www.amazon.co.uk/dp/B00GY78YKQ,
faith in nature,dragon fruit,y,n,,,,1,,https://www.amazon.co.uk/dp/B07K41ZNL6,
faith in nature,sensitive,y,n,,,,1,,https://www.amazon.co.uk/dp/B008BILQQ0,
faith in nature,jojoba,y,n,,,,1,,https://www.amazon.co.uk/dp/B000XPAV1U,
faith in nature,lemon & tea tree,y,?,,,,1,,https://www.amazon.co.uk/dp/B00YMZAJDW,
faith in nature,rosemary,y,?,,,,1,,https://www.amazon.co.uk/dp/B0026NC4A8,
faith in nature,seaweed & citrus,y,?,,,,1,,https://www.amazon.co.uk/dp/B002MMMKMA,
faith in nature,shea & argan,y,?,,,,1,,https://www.amazon.co.uk/dp/B08LVC5SFQ,
faith in nature,tea tree,y,?,,,,1,,https://www.amazon.co.uk/dp/B000NHKWJO,
faith in nature,wild rose,y,?,,,,1,,https://www.amazon.co.uk/dp/B083MBN32R,
ogx,keratin & argan oil,n,n,385,1,9,0.95,0.022207792207792204,https://www.amazon.co.uk/dp/B09H3Y16JS,
asda,just essential coconut,y,?,,,,1,,https://groceries.asda.com/product/1000383145992,
astonish,berry burst,y,?,,,,1,,https://groceries.asda.com/product/1000383268246,
asda anti dandruff,citrus fragrance,y,?,,,,1,,https://groceries.asda.com/product/1000230163923,
asda anti dandruff,2 in 1,y,?,,,,1,,https://groceries.asda.com/product/1000230163886,
asda anti dandruff,classic,y,?,,,,1,,https://groceries.asda.com/product/1000230163877,
herbal essences,daily detox shine,y,n,,,,1,,https://groceries.asda.com/product/1000383117762,
Monday,moisture,n,n,59,1,2,0.6666666666666,0.022598870056494916,https://groceries.asda.com/product/1000383171345,
ogx,argan oil,n,n,88.7,1,3,0.66666666666666,0.022547914317925365,https://groceries.asda.com/product/910002325492,
palmers,coconut,n,n,400,1,4.5,1,0.01125,https://groceries.asda.com/product/1000383146704,
Monday,moisture,n,n,350,1,4.94,1,0.014114285714285715,https://groceries.asda.com/product/1000383119305,
Monday,smooth,n,n,350,1,4.94,1,0.014114285714285715,https://groceries.asda.com/product/1000383119452,
Monday,volume,n,n,350,1,4.94,1,0.014114285714285715,https://groceries.asda.com/product/1000383119124,
ogx,keratin smoothing oil,n,n,385,1,5.06,1,0.013142857142857142,https://groceries.asda.com/product/1000383119265,
garnier ultimate blends,charcoal,n,n,300,1,5.23,1,0.017433333333333335,https://groceries.asda.com/product/1000383210209,
aveeno,Apple Cider Vinegar new,n,n,300,1,5.46,1,0.0182,https://groceries.asda.com/product/1000383161918,
aveeno,daily moisture oat milk,n,n,354,1,5.46,1,0.015423728813559322,https://groceries.asda.com/product/1000383161957,
aveeno,fresh greens blend,n,n,354,1,5.46,1,0.015423728813559322,https://groceries.asda.com/product/1000383162047,
john frieda frizz ease,dream curls,n,n,250,1,6.98,1,0.02792,https://groceries.asda.com/product/910000478901,
ogx,rosemary mint,n,n,385,1,7.5,1,0.01948051948051948,https://groceries.asda.com/product/1000383284309,
cantu,weightless,n,n,400,1,8.48,1,0.0212,https://groceries.asda.com/product/1000383290206,
ogx rescue fusions,Hyaluronic Acid,n,n,385,1,10,0.66666666666666,0.017316017316017143,https://groceries.asda.com/product/1000383284201,
Monday,volume,n,n,200,1,3,1,0.015,https://www.tesco.com/groceries/en-GB/products/317858934,
Monday,moisture,n,n,200,1,3,1,0.015,https://www.tesco.com/groceries/en-GB/products/317541370,
palmers,coconut,n,n,400,1,4.5,1,0.01125,https://www.tesco.com/groceries/en-GB/products/310091814,
leo bankcroft,colour protect,n,n,400,1,3.5,1,0.00875,https://www.tesco.com/groceries/en-GB/products/318251331,
leo bankcroft,hydrate,n,n,400,1,3.5,1,0.00875,https://www.tesco.com/groceries/en-GB/products/318074157,
leo bankcroft,restored lengths,n,n,400,1,3.5,1,0.00875,https://www.tesco.com/groceries/en-GB/products/318173325,
leo bankcroft,curl defining,n,n,400,1,3.5,1,0.00875,https://www.tesco.com/groceries/en-GB/products/318197867,
creme of nature,argan oil,n,n,354,1,5.5,1,0.015536723163841809,https://www.tesco.com/groceries/en-GB/products/311686075,
wild,coconut & vanilla,n,n,350,1,5.7,1,0.016285714285714285,https://www.tesco.com/groceries/en-GB/products/315961025,
sofnfree,manuka honey,n,n,350,1,5.99,1,0.017114285714285714,https://www.tesco.com/groceries/en-GB/products/325396259,
herbal essences,moisturise,n,n,350,1,6,1,0.017142857142857144,https://www.tesco.com/groceries/en-GB/products/316200787,
bedhead,curls rock,n,n,400,1,4.35,1,0.010875,https://www.tesco.com/groceries/en-GB/products/320392915,
leo bankcroft,mirror shine,n,n,400,1,3.5,1,0.00875,https://www.tesco.com/groceries/en-GB/products/318093609,
john frieda frizz ease,dream curls,n,n,250,1,7,0.666666666666,0.018666666666648003,https://www.tesco.com/groceries/en-GB/products/271447794,
leo bankcroft,purple toning,n,n,400,1,5,1,0.0125,https://www.tesco.com/groceries/en-GB/products/318263772,
tints of nature,hydrate,n,n,250,1,7.68,1,0.030719999999999997,https://www.tesco.com/groceries/en-GB/products/325482405,
ogx,brazilian keratin,n,n,385,1,4,1,0.01038961038961039,https://www.tesco.com/groceries/en-GB/products/275969705,
ogx,coconut milk,n,n,385,1,4,1,0.01038961038961039,https://www.tesco.com/groceries/en-GB/products/259454365,
cantu,weightless,n,n,400,1,8.5,1,0.02125,https://www.tesco.com/groceries/en-GB/products/320401428,
nature spell,curl enhancing,n,n,300,1,8.55,1,0.0285,https://www.tesco.com/groceries/en-GB/products/325390685,
nature spell,growth complex,n,n,300,1,8.55,1,0.0285,https://www.tesco.com/groceries/en-GB/products/325390683,
aveeno,Apple Cider Vinegar new,n,n,300,1,5.46,1,0.0182,https://www.tesco.com/groceries/en-GB/products/313183920,
noughty,purple reign,n,n,250,1,8.99,1,0.03596,https://www.tesco.com/groceries/en-GB/products/325456758,
noughty,care taker,n,n,250,1,8.99,1,0.03596,https://www.tesco.com/groceries/en-GB/products/325456742,
noughty,back to balance,n,n,250,1,8.99,1,0.03596,https://www.tesco.com/groceries/en-GB/products/325456750,
ogx,colour retention,n,n,385,1,4.5,1,0.011688311688311689,https://www.tesco.com/groceries/en-GB/products/313604337,
ogx,coconut miracle oil,n,n,385,1,4.5,1,0.011688311688311689,https://www.tesco.com/groceries/en-GB/products/297843878,
Umberto Giannini,Curl Jelly Wash,n,n,250,1,9,1,0.036,https://www.tesco.com/groceries/en-GB/products/321043153,
noughty,detox dynamo,n,n,250,1,9,1,0.036,https://www.tesco.com/groceries/en-GB/products/320561013,
noughty,Get Set Grow,n,n,250,1,9,1,0.036,https://www.tesco.com/groceries/en-GB/products/316420463,
ogx,Bond Protein Repair,n,n,385,1,10,1,0.025974025974025976,https://www.tesco.com/groceries/en-GB/products/317972631,
ogx rescue fusions,Hyaluronic Acid,n,n,385,1,10,1,0.025974025974025976,https://www.tesco.com/groceries/en-GB/products/320660368,
nature spell,Bond Repair,n,n,300,1,10.69,1,0.03563333333333333,https://www.tesco.com/groceries/en-GB/products/325390689,
malki,Dead Sea Mineral,n,n,500,1,11.95,1,0.023899999999999998,https://www.tesco.com/groceries/en-GB/products/325381798,
ouidad,Climate Control,n,n,75,1,11.99,1,0.15986666666666666,https://www.tesco.com/groceries/en-GB/products/325503196,
milk_shake,k-respect,n,n,50,1,11.99,1,0.2398,https://www.tesco.com/groceries/en-GB/products/325383554,
noughty,Let's Bond,n,n,250,1,12,1,0.048,https://www.tesco.com/groceries/en-GB/products/317875153,
aveeno,daily moisture oat milk,n,n,500,1,12,1,0.024,https://www.tesco.com/groceries/en-GB/products/318189094,
aveeno,Apple Cider Vinegar new,n,n,500,1,12,1,0.024,https://www.tesco.com/groceries/en-GB/products/318089759,
shea moisture,strengthen & restore,n,n,384,1,13,1,0.033854166666666664,https://www.tesco.com/groceries/en-GB/products/320572196,
shea moisture,curl & shine,n,n,384,1,8.65,1,0.022526041666666666,https://www.tesco.com/groceries/en-GB/products/311254310,
l'oreal paris elvive,Bond Repair,n,n,200,1,13,1,0.065,https://www.tesco.com/groceries/en-GB/products/313609862,
l'oreal paris elvive,growth booster,n,n,200,1,13,1,0.065,https://www.tesco.com/groceries/en-GB/products/320563512,
l'oreal paris elvive,Glycolic Gloss,n,n,200,1,13,1,0.065,https://www.tesco.com/groceries/en-GB/products/315572059,
shea moisture,intensive hydration,n,n,384,1,8.65,1,0.022526041666666666,https://www.tesco.com/groceries/en-GB/products/311252116,
phil smith,Scalp Clarifying,n,n,400,1,14,1,0.035,https://www.tesco.com/groceries/en-GB/products/321348547,
phil smith,colour protect,n,n,400,1,14,1,0.035,https://www.tesco.com/groceries/en-GB/products/321789249,
fudge professional,damage rewind,n,n,250,1,7,1,0.028,https://www.tesco.com/groceries/en-GB/products/320673710,
phil smith,deeep moisture,n,n,400,1,14,1,0.035,https://www.tesco.com/groceries/en-GB/products/321774088,
phil smith,blonde toning,n,n,400,1,14,1,0.035,https://www.tesco.com/groceries/en-GB/products/321766461,
fudge professional,Luminizer Moisture ,n,n,250,1,7,1,0.028,https://www.tesco.com/groceries/en-GB/products/320681936,
tints of nature,organic,n,n,250,1,17.99,1,0.07196,https://www.tesco.com/groceries/en-GB/products/325482440,
flora & curl,scalp refresh,n,n,300,1,15.3,1,0.051000000000000004,https://www.tesco.com/groceries/en-GB/products/321337900,
wella professionals,calming,n,n,250,1,16.22,1,0.06488,https://www.tesco.com/groceries/en-GB/products/325395839,
botany,cream,n,n,300,1,15.3,1,0.051000000000000004,https://www.tesco.com/groceries/en-GB/products/321673340,
e.fek.tiv,inula & argan,n,n,237,1,19.99,1,0.08434599156118143,https://www.tesco.com/groceries/en-GB/products/325456180,
keratin perfect,keratin color,n,n,354,1,19.99,1,0.05646892655367231,https://www.tesco.com/groceries/en-GB/products/325456173,
now beauty,nourishing no yellow,n,n,946,1,20.99,1,0.02218816067653277,https://www.tesco.com/groceries/en-GB/products/325456107,
living proof,no frizz,n,n,236,1,21.21,1,0.0898728813559322,https://www.tesco.com/groceries/en-GB/products/325369918,
living proof,perfect hair day,n,n,236,1,21.21,1,0.0898728813559322,https://www.tesco.com/groceries/en-GB/products/325369940,
wella professionals,Color Brilliance,n,n,1000,1,21.99,1,0.02199,https://www.tesco.com/groceries/en-GB/products/325503151,
aveda,cherry almond,n,n,250,1,21.99,1,0.08796,https://www.tesco.com/groceries/en-GB/products/325503163,
ouidad,Climate Control,n,n,250,1,22,1,0.088,https://www.tesco.com/groceries/en-GB/products/325503196,
noughty,wave hello,n,n,1000,1,23.99,1,0.023989999999999997,https://www.tesco.com/groceries/en-GB/products/311786976,
noughty,to the rescue,n,n,1000,1,9,1,0.009,https://www.tesco.com/groceries/en-GB/products/325456735,
living proof,perfect hair day,n,n,236,1,24.99,1,0.10588983050847457,https://www.tesco.com/groceries/en-GB/products/325257059,
fudge professional,clean blonde damage,n,n,1000,1,25.9,1,0.0259,https://www.tesco.com/groceries/en-GB/products/325395944,
aveda,colour control,n,n,200,1,26,1,0.13,https://www.tesco.com/groceries/en-GB/products/325503150,
olaplex,4C,n,n,250,1,26.55,1,0.1062,https://www.tesco.com/groceries/en-GB/products/325369935,
olaplex,4P,n,n,250,1,27.5,1,0.11,https://www.tesco.com/groceries/en-GB/products/325369946,
brazilian blowout,volume,n,n,350,1,28.99,1,0.08282857142857142,https://www.tesco.com/groceries/en-GB/products/325456174,
joico,moisture recovery,n,n,1000,1,29.99,1,0.02999,https://www.tesco.com/groceries/en-GB/products/325456221,
aveda,scalp solutions,n,n,200,1,30,1,0.15,https://www.tesco.com/groceries/en-GB/products/325503156,
aveda,invati ultra advanced,n,n,200,1,30,1,0.15,https://www.tesco.com/groceries/en-GB/products/325503167,
olaplex,4P,n,n,250,1,33.99,1,0.13596,https://www.tesco.com/groceries/en-GB/products/325257777,
organic & botanic,keratin,n,n,500,1,40.45,1,0.0809,https://www.tesco.com/groceries/en-GB/products/325116472,
Christophe Robin,Delicate Volumising,n,n,400,1,40.99,1,0.10247500000000001,https://www.tesco.com/groceries/en-GB/products/325255670,
aveda,damage remedy,n,n,250,1,41.99,1,0.16796,https://www.tesco.com/groceries/en-GB/products/325441987,
aveda,scalp solutions,n,n,1000,1,126,1,0.126,https://www.tesco.com/groceries/en-GB/products/325503153,
aveda,invati ultra advanced,n,n,1000,1,30,1,0.03,https://www.tesco.com/groceries/en-GB/products/325503143,
